Category,N_Experiments,Avg_Cov_Err_Random,Avg_Cov_Err_DDC,Avg_Cov_Improvement_%,Avg_W1_Mean_Random,Avg_W1_Mean_DDC,Avg_W1_Improvement_%,DDC_Wins_Cov,DDC_Wins_W1
Cluster Structures,7,0.27905194445399173,0.3143856201804701,-11.238960518040052,0.034856090106705886,0.03639070318452574,-4.217047057426493,4,2
Complex Marginals,2,0.2865281139486598,0.22923411859988857,24.993659625674525,0.04336254647225145,0.0584099902705163,-25.76176391842402,1,1
Non-Convex Geometries,3,0.10491115393917982,0.1990963643340209,-47.306343694367015,0.02946787614320333,0.07400227629764154,-60.17977065370018,1,0
Small k Cases,9,1.069487955250911,0.543452125619519,96.79524742528642,0.13568139515534808,0.09971518517646591,36.06893966574176,8,6
Real Datasets,4,1.086728367983608,3.732729933966775,-70.88649896434535,0.07987335727205942,0.2088543837136267,-61.75643725937838,0,1
Specific Use Cases,2,0.9133223869480025,1.7429909032692281,-47.600278048787516,0.05469405833179965,0.1210218172629416,-54.806447656485766,0,0
