k,multiplier,random_clusters_covered,ddc_clusters_covered,random_cov_err,ddc_cov_err,ddc_improvement_cov
16,2,7,8,2.579553324581272,1.1649614881415462,121.42820606854676
24,3,7,8,2.084670599600898,1.6668190816107875,25.068798563687267
32,4,7,8,2.4856454829386063,0.8646217353178327,187.48357592755744
