method,mean_err_l2,cov_err_fro,corr_err_fro
Random,0.08954468297526572,0.30663478871171385,0.28430215113928176
Stratified,0.0940103975444021,0.2794169323426766,0.25123755268588355
Label-aware DDC,0.30655965907799787,2.464149417211963,0.8129008905233126
