{
  "alpha": 0.1,
  "gamma": 2.0,
  "m_neighbors": 16,
  "refine_iters": 2,
  "metrics": {
    "mean_err_l2": 0.040630017469163324,
    "cov_err_fro": 0.31886688409105746,
    "corr_err_fro": 0.16691310792957198,
    "mmd": 0.04893891264621225
  }
}