method,mean_err_l2,cov_err_fro,corr_err_fro,mmd,composite_score
Random,0.07916413824533641,0.32846399279847416,0.2083333449907513,0.05902161226744858,0.4326306652938498
Stratified,0.08956208485170779,0.6055558244838966,0.20196275929393942,0.05236114220189591,0.7065372041308663
Global DDC (default),0.3919349107153117,1.6513375333635747,0.23421879256991637,0.3210255462544504,1.7684469296485328
Global DDC (optimized),0.43806848059095493,1.6353283670139964,0.14826853214822888,0.12601259449489913,1.7094626330881109
