dataset,n_samples,n_features,k_reps,random_cov_err,random_corr_err,ddc_default_cov_err,ddc_default_corr_err,ddc_opt_cov_err,ddc_opt_corr_err,random_score,ddc_default_score,ddc_opt_score,winner
Gaussian (isotropic),20000,10,1000,0.3843813028904039,0.33628034146554786,1.9364007941841133,0.2736572970401943,0.29649879485563296,0.16011268415519597,0.5525214736231778,2.0732294427042106,0.37655513693323095,DDC
Gaussian Mixture (4),20000,10,1000,0.2303485501224029,0.1524925867210233,0.24932219471982647,0.18747120415895674,0.06281856787944705,0.037884982949392666,0.30659484348291455,0.3430577967993048,0.08176105935414338,DDC
Anisotropic Gaussian,20000,10,1000,0.2982616503127087,0.26287644605609006,3.2637272100155097,0.24240497360182403,0.43173818538684494,0.13394665389217314,0.4296998733407537,3.3849296968164215,0.49871151233293154,Random
High-dim Sparse,20000,20,1000,0.6481020294502622,0.6091988763870304,2.9638038679893435,1.1574897679748952,2.3214629751823286,0.6747088444309371,0.9527014676437774,3.542548751976791,2.6588173973977973,Random
Adult Census,48842,6,1000,0.29927919382744383,0.1618897343793105,1.6770926187353759,0.2673451650128252,1.399970498870814,0.13986455897547914,0.3802240610170991,1.8107652012417885,1.4699027783585534,Random
Large Gaussian Mixture,100000,10,1000,0.10875502623354277,0.052390309086974944,0.2180816599461835,0.17534957889397945,0.11747872792070672,0.07491301484294013,0.13495018077703025,0.30575644939317326,0.1549352353421768,Random
