method,mean_err_l2,cov_err_fro,corr_err_fro,W1_mean,W1_max,KS_mean,KS_max,W1_dim0,KS_dim0,W1_dim1,KS_dim1,W1_dim2,KS_dim2,W1_dim3,KS_dim3,W1_dim4,KS_dim4
DDC,0.1737429299773372,4.197108164336163,0.5301191797925502,0.2512153827402667,0.4177142444689025,0.07337683215657445,0.09005771019767989,0.4177142444689025,0.08569783716435797,0.3967480857917922,0.09005771019767989,0.12948566137990508,0.06231409714737518,0.18062100483981464,0.06738921556212646,0.13150791722091926,0.061425300711332745
Random,0.6944434763925679,4.103898839035897,0.4620179620391912,0.34930277982546054,0.6436323791815708,0.11228374810251536,0.1374435819527846,0.6436323791815708,0.1340833612653059,0.3305337812976691,0.08082681224557098,0.3378825453991817,0.1374435819527846,0.2297910382733292,0.07844067254422438,0.20467415497555197,0.13062431250469098
Stratified,0.31545358761388925,2.708190390659813,0.2457576911575549,0.2125938705973672,0.36062066055654807,0.06267636473066032,0.07961907611267233,0.36062066055654807,0.07961907611267233,0.2484478978075871,0.06911605735800563,0.14127999161677232,0.053606037316818345,0.16963151618750366,0.05708927437468081,0.1429892868184247,0.053951378491124524
